Award Category,award_id,Circuit,circuit_id,Round,round_id,Player,player_id,stats
?? First Place Team,8,Indy Gaming League Fall 2020 East Tier 1,5,IGL Fall 2020 Championships-W1,159,AgentSnake,lookup,10680715
?? First Place Team,8,Indy Gaming League Fall 2020 East Tier 1,5,IGL Fall 2020 Championships-W1,159,GoodGamesJames,lookup,10680715
?? First Place Team,8,Indy Gaming League Fall 2020 East Tier 1,5,IGL Fall 2020 Championships-W1,159,Goose,lookup,10680715
?? First Place Team,8,Indy Gaming League Fall 2020 East Tier 1,5,IGL Fall 2020 Championships-W1,159,Jame,2931,10680715
?? First Place Team,8,Indy Gaming League Fall 2020 East Tier 1,5,IGL Fall 2020 Championships-W1,159,Peanutphobia,lookup,10680715
?? Second Place Team,9,Indy Gaming League Fall 2020 East Tier 1,5,IGL Fall 2020 Championships-W1,159,itsotter,lookup,10680715
?? Second Place Team,9,Indy Gaming League Fall 2020 East Tier 1,5,IGL Fall 2020 Championships-W1,159,KG28,lookup,10680715
?? Second Place Team,9,Indy Gaming League Fall 2020 East Tier 1,5,IGL Fall 2020 Championships-W1,159,PM Me for Shark Facts,lookup,10680715
?? Second Place Team,9,Indy Gaming League Fall 2020 East Tier 1,5,IGL Fall 2020 Championships-W1,159,T2P,lookup,10680715
?? Second Place Team,9,Indy Gaming League Fall 2020 East Tier 1,5,IGL Fall 2020 Championships-W1,159,XSV21,lookup,10680715
?? Third Place Team,10,Indy Gaming League Fall 2020 East Tier 1,5,IGL Fall 2020 Championships-W1,159,daddy,lookup,10680715
?? Third Place Team,10,Indy Gaming League Fall 2020 East Tier 1,5,IGL Fall 2020 Championships-W1,159,EarthBowser,lookup,10680715
?? Third Place Team,10,Indy Gaming League Fall 2020 East Tier 1,5,IGL Fall 2020 Championships-W1,159,Keyboardskater,lookup,10680715
?? Third Place Team,10,Indy Gaming League Fall 2020 East Tier 1,5,IGL Fall 2020 Championships-W1,159,littlePenguinDude,lookup,10680715
?? Third Place Team,10,Indy Gaming League Fall 2020 East Tier 1,5,IGL Fall 2020 Championships-W1,159,TheBrickMatt,lookup,10680715
?? First Place Team,8,Indy Gaming League Fall 2020 East Tier 2,6,IGL Fall 2020 Championships-W1,159,coombzy,lookup,10680715
?? First Place Team,8,Indy Gaming League Fall 2020 East Tier 2,6,IGL Fall 2020 Championships-W1,159,fun ghoul,lookup,10680715
?? First Place Team,8,Indy Gaming League Fall 2020 East Tier 2,6,IGL Fall 2020 Championships-W1,159,PolarPoetry,lookup,10680715
?? First Place Team,8,Indy Gaming League Fall 2020 East Tier 2,6,IGL Fall 2020 Championships-W1,159,Pwoink,lookup,10680715
?? First Place Team,8,Indy Gaming League Fall 2020 East Tier 2,6,IGL Fall 2020 Championships-W1,159,warbyporker,lookup,10680715
?? First Place Team,8,Indy Gaming League Fall 2020 East Tier 2,6,IGL Fall 2020 Championships-W1,159,WWWebby,lookup,10680715
?? Second Place Team,9,Indy Gaming League Fall 2020 East Tier 2,6,IGL Fall 2020 Championships-W1,159,chariotson,lookup,10680715
?? Second Place Team,9,Indy Gaming League Fall 2020 East Tier 2,6,IGL Fall 2020 Championships-W1,159,Crankt,lookup,10680715
?? Second Place Team,9,Indy Gaming League Fall 2020 East Tier 2,6,IGL Fall 2020 Championships-W1,159,derpbucket,lookup,10680715
?? Second Place Team,9,Indy Gaming League Fall 2020 East Tier 2,6,IGL Fall 2020 Championships-W1,159,iTwAsLucK,lookup,10680715
?? Second Place Team,9,Indy Gaming League Fall 2020 East Tier 2,6,IGL Fall 2020 Championships-W1,159,millerwon,lookup,10680715
?? Second Place Team,9,Indy Gaming League Fall 2020 East Tier 2,6,IGL Fall 2020 Championships-W1,159,minouche,lookup,10680715
?? Third Place Team,10,Indy Gaming League Fall 2020 East Tier 2,6,IGL Fall 2020 Championships-W1,159,Atttic,lookup,10680715
?? Third Place Team,10,Indy Gaming League Fall 2020 East Tier 2,6,IGL Fall 2020 Championships-W1,159,BrookeBee,lookup,10680715
?? Third Place Team,10,Indy Gaming League Fall 2020 East Tier 2,6,IGL Fall 2020 Championships-W1,159,Buffaloboy,lookup,10680715
?? Third Place Team,10,Indy Gaming League Fall 2020 East Tier 2,6,IGL Fall 2020 Championships-W1,159,Cheesecakr,lookup,10680715
?? Third Place Team,10,Indy Gaming League Fall 2020 East Tier 2,6,IGL Fall 2020 Championships-W1,159,higa,lookup,10680715
?? Third Place Team,10,Indy Gaming League Fall 2020 East Tier 2,6,IGL Fall 2020 Championships-W1,159,Jonny Cream,lookup,10680715
?? First Place Team,8,Indy Gaming League Fall 2020 East Tier 3,7,IGL Fall 2020 Championships-W1,159,Jay(Lulz!),lookup,10680715
?? First Place Team,8,Indy Gaming League Fall 2020 East Tier 3,7,IGL Fall 2020 Championships-W1,159,Nikki,2952,10680715
?? First Place Team,8,Indy Gaming League Fall 2020 East Tier 3,7,IGL Fall 2020 Championships-W1,159,Nirst,lookup,10680715
?? First Place Team,8,Indy Gaming League Fall 2020 East Tier 3,7,IGL Fall 2020 Championships-W1,159,richrich,lookup,10680715
?? First Place Team,8,Indy Gaming League Fall 2020 East Tier 3,7,IGL Fall 2020 Championships-W1,159,Sbanc,lookup,10680715
?? First Place Team,8,Indy Gaming League Fall 2020 East Tier 3,7,IGL Fall 2020 Championships-W1,159,Shenanigans,lookup,10680715
?? First Place Team,8,Indy Gaming League Fall 2020 East Tier 3,7,IGL Fall 2020 Championships-W1,159,tavi,lookup,10680715
?? Second Place Team,9,Indy Gaming League Fall 2020 East Tier 3,7,IGL Fall 2020 Championships-W1,159,Azrhyn,lookup,10680715
?? Second Place Team,9,Indy Gaming League Fall 2020 East Tier 3,7,IGL Fall 2020 Championships-W1,159,BPBreezy,lookup,10680715
?? Second Place Team,9,Indy Gaming League Fall 2020 East Tier 3,7,IGL Fall 2020 Championships-W1,159,Egghead,lookup,10680715
?? Second Place Team,9,Indy Gaming League Fall 2020 East Tier 3,7,IGL Fall 2020 Championships-W1,159,HauntedNorth,lookup,10680715
?? Second Place Team,9,Indy Gaming League Fall 2020 East Tier 3,7,IGL Fall 2020 Championships-W1,159,Meowzasaurus,lookup,10680715
?? Second Place Team,9,Indy Gaming League Fall 2020 East Tier 3,7,IGL Fall 2020 Championships-W1,159,zdan42,lookup,10680715
?? Third Place Team,10,Indy Gaming League Fall 2020 East Tier 3,7,IGL Fall 2020 Championships-W1,159,josheklow,lookup,10680715
?? Third Place Team,10,Indy Gaming League Fall 2020 East Tier 3,7,IGL Fall 2020 Championships-W1,159,Libbyylib,lookup,10680715
?? Third Place Team,10,Indy Gaming League Fall 2020 East Tier 3,7,IGL Fall 2020 Championships-W1,159,mikeo0621,lookup,10680715
?? Third Place Team,10,Indy Gaming League Fall 2020 East Tier 3,7,IGL Fall 2020 Championships-W1,159,Sack,2943,10680715
?? Third Place Team,10,Indy Gaming League Fall 2020 East Tier 3,7,IGL Fall 2020 Championships-W1,159,Tauelly,2941,10680715
?? Third Place Team,10,Indy Gaming League Fall 2020 East Tier 3,7,IGL Fall 2020 Championships-W1,159,Tauelly(1),lookup,10680715
?? Third Place Team,10,Indy Gaming League Fall 2020 East Tier 3,7,IGL Fall 2020 Championships-W1,159,Xerxes,lookup,10680715
?? First Place Team,8,Indy Gaming League Fall 2020 West Tier 1,2,IGL Fall 2020 Championships-W1,159,Big Chungus,lookup,10680715
?? First Place Team,8,Indy Gaming League Fall 2020 West Tier 1,2,IGL Fall 2020 Championships-W1,159,Dr. Danny,lookup,10680715
?? First Place Team,8,Indy Gaming League Fall 2020 West Tier 1,2,IGL Fall 2020 Championships-W1,159,Gnar09,lookup,10680715
?? First Place Team,8,Indy Gaming League Fall 2020 West Tier 1,2,IGL Fall 2020 Championships-W1,159,Goose,lookup,10680715
?? First Place Team,8,Indy Gaming League Fall 2020 West Tier 1,2,IGL Fall 2020 Championships-W1,159,lunchmeat13,lookup,10680715
?? First Place Team,8,Indy Gaming League Fall 2020 West Tier 1,2,IGL Fall 2020 Championships-W1,159,teatoddler,3026,10680715
?? Second Place Team,9,Indy Gaming League Fall 2020 West Tier 1,2,IGL Fall 2020 Championships-W1,159,Alteffor,lookup,10680715
?? Second Place Team,9,Indy Gaming League Fall 2020 West Tier 1,2,IGL Fall 2020 Championships-W1,159,egeefree,lookup,10680715
?? Second Place Team,9,Indy Gaming League Fall 2020 West Tier 1,2,IGL Fall 2020 Championships-W1,159,littlePenguinDude,lookup,10680715
?? Second Place Team,9,Indy Gaming League Fall 2020 West Tier 1,2,IGL Fall 2020 Championships-W1,159,obo,3031,10680715
?? Second Place Team,9,Indy Gaming League Fall 2020 West Tier 1,2,IGL Fall 2020 Championships-W1,159,RetroHeroSX,lookup,10680715
?? Second Place Team,9,Indy Gaming League Fall 2020 West Tier 1,2,IGL Fall 2020 Championships-W1,159,Teiko,lookup,10680715
?? Third Place Team,10,Indy Gaming League Fall 2020 West Tier 1,2,IGL Fall 2020 Championships-W1,159,Corvus,lookup,10680715
?? Third Place Team,10,Indy Gaming League Fall 2020 West Tier 1,2,IGL Fall 2020 Championships-W1,159,EWOK,lookup,10680715
?? Third Place Team,10,Indy Gaming League Fall 2020 West Tier 1,2,IGL Fall 2020 Championships-W1,159,Hank87,lookup,10680715
?? Third Place Team,10,Indy Gaming League Fall 2020 West Tier 1,2,IGL Fall 2020 Championships-W1,159,QP Mini Boss Jats,lookup,10680715
?? Third Place Team,10,Indy Gaming League Fall 2020 West Tier 1,2,IGL Fall 2020 Championships-W1,159,thedevster,lookup,10680715
?? Third Place Team,10,Indy Gaming League Fall 2020 West Tier 1,2,IGL Fall 2020 Championships-W1,159,WorldBFree,lookup,10680715
?? First Place Team,8,Indy Gaming League Fall 2020 West Tier 2,1,IGL Fall 2020 Championships-W1,159,Atttic,lookup,10680715
?? First Place Team,8,Indy Gaming League Fall 2020 West Tier 2,1,IGL Fall 2020 Championships-W1,159,eBears,lookup,10680715
?? First Place Team,8,Indy Gaming League Fall 2020 West Tier 2,1,IGL Fall 2020 Championships-W1,159,Egghead,lookup,10680715
?? First Place Team,8,Indy Gaming League Fall 2020 West Tier 2,1,IGL Fall 2020 Championships-W1,159,Jonny Cream,lookup,10680715
?? First Place Team,8,Indy Gaming League Fall 2020 West Tier 2,1,IGL Fall 2020 Championships-W1,159,moke,3343,10680715
?? Second Place Team,9,Indy Gaming League Fall 2020 West Tier 2,1,IGL Fall 2020 Championships-W1,159,[Ha-Ha] JAB,lookup,10680715
?? Second Place Team,9,Indy Gaming League Fall 2020 West Tier 2,1,IGL Fall 2020 Championships-W1,159,Bee'sKnees,lookup,10680715
?? Second Place Team,9,Indy Gaming League Fall 2020 West Tier 2,1,IGL Fall 2020 Championships-W1,159,Fonzworth,lookup,10680715
?? Second Place Team,9,Indy Gaming League Fall 2020 West Tier 2,1,IGL Fall 2020 Championships-W1,159,Kc,2861,10680715
?? Second Place Team,9,Indy Gaming League Fall 2020 West Tier 2,1,IGL Fall 2020 Championships-W1,159,prosive,lookup,10680715
?? Second Place Team,9,Indy Gaming League Fall 2020 West Tier 2,1,IGL Fall 2020 Championships-W1,159,XSV21,lookup,10680715
?? Third Place Team,10,Indy Gaming League Fall 2020 West Tier 2,1,IGL Fall 2020 Championships-W1,159,abomb,lookup,10680715
?? Third Place Team,10,Indy Gaming League Fall 2020 West Tier 2,1,IGL Fall 2020 Championships-W1,159,Guvnah,lookup,10680715
?? Third Place Team,10,Indy Gaming League Fall 2020 West Tier 2,1,IGL Fall 2020 Championships-W1,159,Kayb33,lookup,10680715
?? Third Place Team,10,Indy Gaming League Fall 2020 West Tier 2,1,IGL Fall 2020 Championships-W1,159,LoreAx,lookup,10680715
?? Third Place Team,10,Indy Gaming League Fall 2020 West Tier 2,1,IGL Fall 2020 Championships-W1,159,woody-kq,lookup,10680715
?? First Place Team,8,Indy Gaming League Fall 2020 West Tier 3,3,IGL Fall 2020 Championships-W1,159,dreamconch,lookup,10680715
?? First Place Team,8,Indy Gaming League Fall 2020 West Tier 3,3,IGL Fall 2020 Championships-W1,159,femi,lookup,10680715
?? First Place Team,8,Indy Gaming League Fall 2020 West Tier 3,3,IGL Fall 2020 Championships-W1,159,hai,3014,10680715
?? First Place Team,8,Indy Gaming League Fall 2020 West Tier 3,3,IGL Fall 2020 Championships-W1,159,higa,lookup,10680715
?? First Place Team,8,Indy Gaming League Fall 2020 West Tier 3,3,IGL Fall 2020 Championships-W1,159,Shenanigans,lookup,10680715
?? First Place Team,8,Indy Gaming League Fall 2020 West Tier 3,3,IGL Fall 2020 Championships-W1,159,swordfish_duke,lookup,10680715
?? Second Place Team,9,Indy Gaming League Fall 2020 West Tier 3,3,IGL Fall 2020 Championships-W1,159,andreaktor,lookup,10680715
?? Second Place Team,9,Indy Gaming League Fall 2020 West Tier 3,3,IGL Fall 2020 Championships-W1,159,carby,lookup,10680715
?? Second Place Team,9,Indy Gaming League Fall 2020 West Tier 3,3,IGL Fall 2020 Championships-W1,159,Cardi_Bee,lookup,10680715
?? Second Place Team,9,Indy Gaming League Fall 2020 West Tier 3,3,IGL Fall 2020 Championships-W1,159,KT,2963,10680715
?? Second Place Team,9,Indy Gaming League Fall 2020 West Tier 3,3,IGL Fall 2020 Championships-W1,159,Sbanc,lookup,10680715
?? Second Place Team,9,Indy Gaming League Fall 2020 West Tier 3,3,IGL Fall 2020 Championships-W1,159,tavi,lookup,10680715
?? Third Place Team,10,Indy Gaming League Fall 2020 West Tier 3,3,IGL Fall 2020 Championships-W1,159,All Speeds,lookup,10680715
?? Third Place Team,10,Indy Gaming League Fall 2020 West Tier 3,3,IGL Fall 2020 Championships-W1,159,altppt,2919,10680715
?? Third Place Team,10,Indy Gaming League Fall 2020 West Tier 3,3,IGL Fall 2020 Championships-W1,159,Ferral,lookup,10680715
?? Third Place Team,10,Indy Gaming League Fall 2020 West Tier 3,3,IGL Fall 2020 Championships-W1,159,nashinall,lookup,10680715
?? Third Place Team,10,Indy Gaming League Fall 2020 West Tier 3,3,IGL Fall 2020 Championships-W1,159,SmoothbrainSev,lookup,10680715
?? Third Place Team,10,Indy Gaming League Fall 2020 West Tier 3,3,IGL Fall 2020 Championships-W1,159,snail earnhardt jr,lookup,10680715
?? First Place Team,8,Indy Gaming League Fall 2020 West Tier 4,4,IGL Fall 2020 Championships-W1,159,arrrmand,lookup,10680715
?? First Place Team,8,Indy Gaming League Fall 2020 West Tier 4,4,IGL Fall 2020 Championships-W1,159,neokinso,lookup,10680715
?? First Place Team,8,Indy Gaming League Fall 2020 West Tier 4,4,IGL Fall 2020 Championships-W1,159,sloppy,lookup,10680715
?? First Place Team,8,Indy Gaming League Fall 2020 West Tier 4,4,IGL Fall 2020 Championships-W1,159,smelly,lookup,10680715
?? Second Place Team,9,Indy Gaming League Fall 2020 West Tier 4,4,IGL Fall 2020 Championships-W1,159,Audie,lookup,10680715
?? Second Place Team,9,Indy Gaming League Fall 2020 West Tier 4,4,IGL Fall 2020 Championships-W1,159,bill,lookup,10680715
?? Second Place Team,9,Indy Gaming League Fall 2020 West Tier 4,4,IGL Fall 2020 Championships-W1,159,Dumpticklez,lookup,10680715
?? Second Place Team,9,Indy Gaming League Fall 2020 West Tier 4,4,IGL Fall 2020 Championships-W1,159,Zaka,lookup,10680715
?? Second Place Team,9,Indy Gaming League Fall 2020 West Tier 4,4,IGL Fall 2020 Championships-W1,159,Zoso4,lookup,10680715
?? Third Place Team,10,Indy Gaming League Fall 2020 West Tier 4,4,IGL Fall 2020 Championships-W1,159,Bhadberryx,lookup,10680715
?? Third Place Team,10,Indy Gaming League Fall 2020 West Tier 4,4,IGL Fall 2020 Championships-W1,159,kendallsuccession,lookup,10680715
?? Third Place Team,10,Indy Gaming League Fall 2020 West Tier 4,4,IGL Fall 2020 Championships-W1,159,Squidding,2853,10680715
?? Third Place Team,10,Indy Gaming League Fall 2020 West Tier 4,4,IGL Fall 2020 Championships-W1,159,TurtleFence,lookup,10680715
?? First Place Team,8,Indy Gaming League Spring 2020 East Tier 1,20,IGL Spring 2020 Week 10,132,AndresGP,lookup,10680715
?? First Place Team,8,Indy Gaming League Spring 2020 East Tier 1,20,IGL Spring 2020 Week 10,132,basiQ,lookup,10680715
?? First Place Team,8,Indy Gaming League Spring 2020 East Tier 1,20,IGL Spring 2020 Week 10,132,chappy,lookup,10680715
?? First Place Team,8,Indy Gaming League Spring 2020 East Tier 1,20,IGL Spring 2020 Week 10,132,desseler,lookup,10680715
?? First Place Team,8,Indy Gaming League Spring 2020 East Tier 1,20,IGL Spring 2020 Week 10,132,Kobe4n,lookup,10680715
?? First Place Team,8,Indy Gaming League Spring 2020 East Tier 1,20,IGL Spring 2020 Week 10,132,yeesh,lookup,10680715
?? Second Place Team,9,Indy Gaming League Spring 2020 East Tier 1,20,IGL Spring 2020 Week 10,132,AgentSnake,lookup,10680715
?? Second Place Team,9,Indy Gaming League Spring 2020 East Tier 1,20,IGL Spring 2020 Week 10,132,coombzy,lookup,10680715
?? Second Place Team,9,Indy Gaming League Spring 2020 East Tier 1,20,IGL Spring 2020 Week 10,132,darkrain,lookup,10680715
?? Second Place Team,9,Indy Gaming League Spring 2020 East Tier 1,20,IGL Spring 2020 Week 10,132,GoodGamesJames,lookup,10680715
?? Second Place Team,9,Indy Gaming League Spring 2020 East Tier 1,20,IGL Spring 2020 Week 10,132,Jame,2931,10680715
?? Second Place Team,9,Indy Gaming League Spring 2020 East Tier 1,20,IGL Spring 2020 Week 10,132,Peanutphobia,lookup,10680715
?? Third Place Team,10,Indy Gaming League Spring 2020 East Tier 1,20,IGL Spring 2020 Week 10,132,Keyboardskater,lookup,10680715
?? Third Place Team,10,Indy Gaming League Spring 2020 East Tier 1,20,IGL Spring 2020 Week 10,132,littlePenguinDude,lookup,10680715
?? Third Place Team,10,Indy Gaming League Spring 2020 East Tier 1,20,IGL Spring 2020 Week 10,132,Serialbawx,lookup,10680715
?? Third Place Team,10,Indy Gaming League Spring 2020 East Tier 1,20,IGL Spring 2020 Week 10,132,Sgt Spankcakes,lookup,10680715
?? Third Place Team,10,Indy Gaming League Spring 2020 East Tier 1,20,IGL Spring 2020 Week 10,132,sheapatricio,lookup,10680715
?? Third Place Team,10,Indy Gaming League Spring 2020 East Tier 1,20,IGL Spring 2020 Week 10,132,TheBrickMatt,lookup,10680715
?? First Place Team,8,Indy Gaming League Spring 2020 East Tier 2,21,IGL Spring 2020 Week 10,132,andreaktor,lookup,10680715
?? First Place Team,8,Indy Gaming League Spring 2020 East Tier 2,21,IGL Spring 2020 Week 10,132,Hank87,lookup,10680715
?? First Place Team,8,Indy Gaming League Spring 2020 East Tier 2,21,IGL Spring 2020 Week 10,132,lo,3314,10680715
?? First Place Team,8,Indy Gaming League Spring 2020 East Tier 2,21,IGL Spring 2020 Week 10,132,ThirsT,2860,10680715
?? First Place Team,8,Indy Gaming League Spring 2020 East Tier 2,21,IGL Spring 2020 Week 10,132,WorldBFree,lookup,10680715
?? First Place Team,8,Indy Gaming League Spring 2020 East Tier 2,21,IGL Spring 2020 Week 10,132,xor,lookup,10680715
?? Second Place Team,9,Indy Gaming League Spring 2020 East Tier 2,21,IGL Spring 2020 Week 10,132,[BB] Dakota,lookup,10680715
?? Second Place Team,9,Indy Gaming League Spring 2020 East Tier 2,21,IGL Spring 2020 Week 10,132,[BB] Jordy,lookup,10680715
?? Second Place Team,9,Indy Gaming League Spring 2020 East Tier 2,21,IGL Spring 2020 Week 10,132,abomb,lookup,10680715
?? Second Place Team,9,Indy Gaming League Spring 2020 East Tier 2,21,IGL Spring 2020 Week 10,132,Badgersparty,lookup,10680715
?? Second Place Team,9,Indy Gaming League Spring 2020 East Tier 2,21,IGL Spring 2020 Week 10,132,EnduranceFreak,lookup,10680715
?? Second Place Team,9,Indy Gaming League Spring 2020 East Tier 2,21,IGL Spring 2020 Week 10,132,KidCribbage,lookup,10680715
?? Second Place Team,9,Indy Gaming League Spring 2020 East Tier 2,21,IGL Spring 2020 Week 10,132,MrMustard495,lookup,10680715
?? Third Place Team,10,Indy Gaming League Spring 2020 East Tier 2,21,IGL Spring 2020 Week 10,132,_marigolds_,lookup,10680715
?? Third Place Team,10,Indy Gaming League Spring 2020 East Tier 2,21,IGL Spring 2020 Week 10,132,Grass,lookup,10680715
?? Third Place Team,10,Indy Gaming League Spring 2020 East Tier 2,21,IGL Spring 2020 Week 10,132,kangarus,lookup,10680715
?? Third Place Team,10,Indy Gaming League Spring 2020 East Tier 2,21,IGL Spring 2020 Week 10,132,Key Lime,lookup,10680715
?? Third Place Team,10,Indy Gaming League Spring 2020 East Tier 2,21,IGL Spring 2020 Week 10,132,ronster,lookup,10680715
?? First Place Team,8,Indy Gaming League Spring 2020 East Tier 3,22,IGL Spring 2020 Week 10,132,BjornSomeone,lookup,10680715
?? First Place Team,8,Indy Gaming League Spring 2020 East Tier 3,22,IGL Spring 2020 Week 10,132,Cgrickard,lookup,10680715
?? First Place Team,8,Indy Gaming League Spring 2020 East Tier 3,22,IGL Spring 2020 Week 10,132,grahamgrafx,lookup,10680715
?? First Place Team,8,Indy Gaming League Spring 2020 East Tier 3,22,IGL Spring 2020 Week 10,132,thebastage,lookup,10680715
?? Second Place Team,9,Indy Gaming League Spring 2020 East Tier 3,22,IGL Spring 2020 Week 10,132,CarKneeJR#9751,lookup,10680715
?? Second Place Team,9,Indy Gaming League Spring 2020 East Tier 3,22,IGL Spring 2020 Week 10,132,DillyBar,lookup,10680715
?? Second Place Team,9,Indy Gaming League Spring 2020 East Tier 3,22,IGL Spring 2020 Week 10,132,L0g1cBomb,lookup,10680715
?? Second Place Team,9,Indy Gaming League Spring 2020 East Tier 3,22,IGL Spring 2020 Week 10,132,TheMajesticFlyingNarwhal,lookup,10680715
?? Second Place Team,9,Indy Gaming League Spring 2020 East Tier 3,22,IGL Spring 2020 Week 10,132,Wattage24,lookup,10680715
?? Third Place Team,10,Indy Gaming League Spring 2020 East Tier 3,22,IGL Spring 2020 Week 10,132,bmeansbest,lookup,10680715
?? Third Place Team,10,Indy Gaming League Spring 2020 East Tier 3,22,IGL Spring 2020 Week 10,132,joekillah,lookup,10680715
?? Third Place Team,10,Indy Gaming League Spring 2020 East Tier 3,22,IGL Spring 2020 Week 10,132,the spooky goat,lookup,10680715
?? Third Place Team,10,Indy Gaming League Spring 2020 East Tier 3,22,IGL Spring 2020 Week 10,132,thegreatr,lookup,10680715
?? First Place Team,8,Indy Gaming League Spring 2020 West Tier 1,18,IGL Spring 2020 Week 10,132,Bakonfat,lookup,10680715
?? First Place Team,8,Indy Gaming League Spring 2020 West Tier 1,18,IGL Spring 2020 Week 10,132,Beetlecrisp,lookup,10680715
?? First Place Team,8,Indy Gaming League Spring 2020 West Tier 1,18,IGL Spring 2020 Week 10,132,chappy,lookup,10680715
?? First Place Team,8,Indy Gaming League Spring 2020 West Tier 1,18,IGL Spring 2020 Week 10,132,Metsumat,lookup,10680715
?? First Place Team,8,Indy Gaming League Spring 2020 West Tier 1,18,IGL Spring 2020 Week 10,132,yeesh,lookup,10680715
?? Second Place Team,9,Indy Gaming League Spring 2020 West Tier 1,18,IGL Spring 2020 Week 10,132,Big Chungus,lookup,10680715
?? Second Place Team,9,Indy Gaming League Spring 2020 West Tier 1,18,IGL Spring 2020 Week 10,132,daddy,lookup,10680715
?? Second Place Team,9,Indy Gaming League Spring 2020 West Tier 1,18,IGL Spring 2020 Week 10,132,Dr. Danny,lookup,10680715
?? Second Place Team,9,Indy Gaming League Spring 2020 West Tier 1,18,IGL Spring 2020 Week 10,132,Gnar09,lookup,10680715
?? Second Place Team,9,Indy Gaming League Spring 2020 West Tier 1,18,IGL Spring 2020 Week 10,132,Goose,lookup,10680715
?? Second Place Team,9,Indy Gaming League Spring 2020 West Tier 1,18,IGL Spring 2020 Week 10,132,lunchmeat13,lookup,10680715
?? Third Place Team,10,Indy Gaming League Spring 2020 West Tier 1,18,IGL Spring 2020 Week 10,132,Alteffor,lookup,10680715
?? Third Place Team,10,Indy Gaming League Spring 2020 West Tier 1,18,IGL Spring 2020 Week 10,132,egeefree,lookup,10680715
?? Third Place Team,10,Indy Gaming League Spring 2020 West Tier 1,18,IGL Spring 2020 Week 10,132,littlePenguinDude,lookup,10680715
?? Third Place Team,10,Indy Gaming League Spring 2020 West Tier 1,18,IGL Spring 2020 Week 10,132,obo,3031,10680715
?? Third Place Team,10,Indy Gaming League Spring 2020 West Tier 1,18,IGL Spring 2020 Week 10,132,RetroHeroSX,lookup,10680715
?? Third Place Team,10,Indy Gaming League Spring 2020 West Tier 1,18,IGL Spring 2020 Week 10,132,Teiko,lookup,10680715
?? First Place Team,8,Indy Gaming League Spring 2020 West Tier 2,19,IGL Spring 2020 Week 10,132,abomb,lookup,10680715
?? First Place Team,8,Indy Gaming League Spring 2020 West Tier 2,19,IGL Spring 2020 Week 10,132,Arguas,lookup,10680715
?? First Place Team,8,Indy Gaming League Spring 2020 West Tier 2,19,IGL Spring 2020 Week 10,132,dien,lookup,10680715
?? First Place Team,8,Indy Gaming League Spring 2020 West Tier 2,19,IGL Spring 2020 Week 10,132,sklover,lookup,10680715
?? First Place Team,8,Indy Gaming League Spring 2020 West Tier 2,19,IGL Spring 2020 Week 10,132,WWWebby,lookup,10680715
?? Second Place Team,9,Indy Gaming League Spring 2020 West Tier 2,19,IGL Spring 2020 Week 10,132,[BB] Dakota,lookup,10680715
?? Second Place Team,9,Indy Gaming League Spring 2020 West Tier 2,19,IGL Spring 2020 Week 10,132,DwaejiBoy,lookup,10680715
?? Second Place Team,9,Indy Gaming League Spring 2020 West Tier 2,19,IGL Spring 2020 Week 10,132,Hank87,lookup,10680715
?? Second Place Team,9,Indy Gaming League Spring 2020 West Tier 2,19,IGL Spring 2020 Week 10,132,Kilthorne,lookup,10680715
?? Second Place Team,9,Indy Gaming League Spring 2020 West Tier 2,19,IGL Spring 2020 Week 10,132,mortytownloco,lookup,10680715
?? Second Place Team,9,Indy Gaming League Spring 2020 West Tier 2,19,IGL Spring 2020 Week 10,132,NinVADER,lookup,10680715
?? Third Place Team,10,Indy Gaming League Spring 2020 West Tier 2,19,IGL Spring 2020 Week 10,132,darzu,lookup,10680715
?? Third Place Team,10,Indy Gaming League Spring 2020 West Tier 2,19,IGL Spring 2020 Week 10,132,Jelloey,lookup,10680715
?? Third Place Team,10,Indy Gaming League Spring 2020 West Tier 2,19,IGL Spring 2020 Week 10,132,josheklow,lookup,10680715
?? Third Place Team,10,Indy Gaming League Spring 2020 West Tier 2,19,IGL Spring 2020 Week 10,132,mksteele,lookup,10680715
?? Third Place Team,10,Indy Gaming League Spring 2020 West Tier 2,19,IGL Spring 2020 Week 10,132,Walshy,lookup,10680715
?? Third Place Team,10,Indy Gaming League Spring 2020 West Tier 2,19,IGL Spring 2020 Week 10,132,warbyporker,lookup,10680715
?? First Place Team,8,Indy Gaming League Summer 2020 East Tier 1,10,IGL Summer 2020 Championships,112,itsotter,lookup,10680715
?? First Place Team,8,Indy Gaming League Summer 2020 East Tier 1,10,IGL Summer 2020 Championships,112,KG28,lookup,10680715
?? First Place Team,8,Indy Gaming League Summer 2020 East Tier 1,10,IGL Summer 2020 Championships,112,PM Me for Shark Facts,lookup,10680715
?? First Place Team,8,Indy Gaming League Summer 2020 East Tier 1,10,IGL Summer 2020 Championships,112,T2P,lookup,10680715
?? First Place Team,8,Indy Gaming League Summer 2020 East Tier 1,10,IGL Summer 2020 Championships,112,XSV21,lookup,10680715
?? Second Place Team,9,Indy Gaming League Summer 2020 East Tier 1,10,IGL Summer 2020 Championships,112,Alteffor,lookup,10680715
?? Second Place Team,9,Indy Gaming League Summer 2020 East Tier 1,10,IGL Summer 2020 Championships,112,egeefree,lookup,10680715
?? Second Place Team,9,Indy Gaming League Summer 2020 East Tier 1,10,IGL Summer 2020 Championships,112,lightsabermetrics,lookup,10680715
?? Second Place Team,9,Indy Gaming League Summer 2020 East Tier 1,10,IGL Summer 2020 Championships,112,obo,3031,10680715
?? Second Place Team,9,Indy Gaming League Summer 2020 East Tier 1,10,IGL Summer 2020 Championships,112,RetroHeroSX,lookup,10680715
?? Second Place Team,9,Indy Gaming League Summer 2020 East Tier 1,10,IGL Summer 2020 Championships,112,Teiko,lookup,10680715
?? Third Place Team,10,Indy Gaming League Summer 2020 East Tier 1,10,IGL Summer 2020 Championships,112,chappy,lookup,10680715
?? Third Place Team,10,Indy Gaming League Summer 2020 East Tier 1,10,IGL Summer 2020 Championships,112,desseler,lookup,10680715
?? Third Place Team,10,Indy Gaming League Summer 2020 East Tier 1,10,IGL Summer 2020 Championships,112,Dr. Danny,lookup,10680715
?? Third Place Team,10,Indy Gaming League Summer 2020 East Tier 1,10,IGL Summer 2020 Championships,112,free microwave,lookup,10680715
?? Third Place Team,10,Indy Gaming League Summer 2020 East Tier 1,10,IGL Summer 2020 Championships,112,frogyfro,lookup,10680715
?? Third Place Team,10,Indy Gaming League Summer 2020 East Tier 1,10,IGL Summer 2020 Championships,112,Sypha,lookup,10680715
?? Third Place Team,10,Indy Gaming League Summer 2020 East Tier 1,10,IGL Summer 2020 Championships,112,yeesh,lookup,10680715
?? Second Place Team,9,Indy Gaming League Summer 2020 East Tier 2,9,IGL Summer 2020 Championships,112,Atttic,lookup,10680715
?? Second Place Team,9,Indy Gaming League Summer 2020 East Tier 2,9,IGL Summer 2020 Championships,112,Buffaloboy,lookup,10680715
?? Second Place Team,9,Indy Gaming League Summer 2020 East Tier 2,9,IGL Summer 2020 Championships,112,Cheesecakr,lookup,10680715
?? Second Place Team,9,Indy Gaming League Summer 2020 East Tier 2,9,IGL Summer 2020 Championships,112,Jonny Cream,lookup,10680715
?? Second Place Team,9,Indy Gaming League Summer 2020 East Tier 2,9,IGL Summer 2020 Championships,112,tavi,lookup,10680715
?? Second Place Team,9,Indy Gaming League Summer 2020 East Tier 2,9,IGL Summer 2020 Championships,112,todd dillerson,lookup,10680715
?? First Place Team,8,Indy Gaming League Summer 2020 East Tier 2,9,IGL Summer 2020 Championships,112,Dorfburger,lookup,10680715
?? First Place Team,8,Indy Gaming League Summer 2020 East Tier 2,9,IGL Summer 2020 Championships,112,GTR_Lyfe,lookup,10680715
?? First Place Team,8,Indy Gaming League Summer 2020 East Tier 2,9,IGL Summer 2020 Championships,112,iTwAsLucK,lookup,10680715
?? First Place Team,8,Indy Gaming League Summer 2020 East Tier 2,9,IGL Summer 2020 Championships,112,JunoSynth,lookup,10680715
?? First Place Team,8,Indy Gaming League Summer 2020 East Tier 2,9,IGL Summer 2020 Championships,112,Kc,2861,10680715
?? First Place Team,8,Indy Gaming League Summer 2020 East Tier 2,9,IGL Summer 2020 Championships,112,KT,2963,10680715
?? First Place Team,8,Indy Gaming League Summer 2020 East Tier 2,9,IGL Summer 2020 Championships,112,LordFischious,lookup,10680715
?? Third Place Team,10,Indy Gaming League Summer 2020 East Tier 2,9,IGL Summer 2020 Championships,112,chariotson,lookup,10680715
?? Third Place Team,10,Indy Gaming League Summer 2020 East Tier 2,9,IGL Summer 2020 Championships,112,Crankt,lookup,10680715
?? Third Place Team,10,Indy Gaming League Summer 2020 East Tier 2,9,IGL Summer 2020 Championships,112,derpbucket,lookup,10680715
?? Third Place Team,10,Indy Gaming League Summer 2020 East Tier 2,9,IGL Summer 2020 Championships,112,millerwon,lookup,10680715
?? First Place Team,8,Indy Gaming League Summer 2020 East Tier 3,13,IGL Summer 2020 Championships,112,Hexagonal,lookup,10680715
?? First Place Team,8,Indy Gaming League Summer 2020 East Tier 3,13,IGL Summer 2020 Championships,112,JudgeJudyIsHot,lookup,10680715
?? First Place Team,8,Indy Gaming League Summer 2020 East Tier 3,13,IGL Summer 2020 Championships,112,RyanVile,lookup,10680715
?? First Place Team,8,Indy Gaming League Summer 2020 East Tier 3,13,IGL Summer 2020 Championships,112,whyphilosophy,lookup,10680715
?? Second Place Team,9,Indy Gaming League Summer 2020 East Tier 3,13,IGL Summer 2020 Championships,112,Juntao,lookup,10680715
?? Second Place Team,9,Indy Gaming League Summer 2020 East Tier 3,13,IGL Summer 2020 Championships,112,MrKirbs,lookup,10680715
?? Second Place Team,9,Indy Gaming League Summer 2020 East Tier 3,13,IGL Summer 2020 Championships,112,Yoshi McB,lookup,10680715
?? Second Place Team,9,Indy Gaming League Summer 2020 East Tier 3,13,IGL Summer 2020 Championships,112,zouzouni,lookup,10680715
?? Third Place Team,10,Indy Gaming League Summer 2020 East Tier 3,13,IGL Summer 2020 Championships,112,BagOtriX,lookup,10680715
?? Third Place Team,10,Indy Gaming League Summer 2020 East Tier 3,13,IGL Summer 2020 Championships,112,BendderRodriguez,lookup,10680715
?? Third Place Team,10,Indy Gaming League Summer 2020 East Tier 3,13,IGL Summer 2020 Championships,112,Bron,3154,10680715
?? Third Place Team,10,Indy Gaming League Summer 2020 East Tier 3,13,IGL Summer 2020 Championships,112,Mage,lookup,10680715
?? Third Place Team,10,Indy Gaming League Summer 2020 East Tier 3,13,IGL Summer 2020 Championships,112,MatttheRogue,lookup,10680715
?? Third Place Team,10,Indy Gaming League Summer 2020 East Tier 3,13,IGL Summer 2020 Championships,112,OrganEyes,lookup,10680715
?? Third Place Team,10,Indy Gaming League Summer 2020 East Tier 3,13,IGL Summer 2020 Championships,112,scratchresistant,lookup,10680715
?? First Place Team,8,Indy Gaming League Summer 2020 West Tier 1,14,IGL Summer 2020 Championships,112,chungus,3164,10680715
?? First Place Team,8,Indy Gaming League Summer 2020 West Tier 1,14,IGL Summer 2020 Championships,112,Dr. Danny,lookup,10680715
?? First Place Team,8,Indy Gaming League Summer 2020 West Tier 1,14,IGL Summer 2020 Championships,112,Gnar09,lookup,10680715
?? First Place Team,8,Indy Gaming League Summer 2020 West Tier 1,14,IGL Summer 2020 Championships,112,Goose,lookup,10680715
?? First Place Team,8,Indy Gaming League Summer 2020 West Tier 1,14,IGL Summer 2020 Championships,112,lunchmeat13,lookup,10680715
?? First Place Team,8,Indy Gaming League Summer 2020 West Tier 1,14,IGL Summer 2020 Championships,112,teatoddler,3026,10680715
?? Second Place Team,9,Indy Gaming League Summer 2020 West Tier 1,14,IGL Summer 2020 Championships,112,Alteffor,lookup,10680715
?? Second Place Team,9,Indy Gaming League Summer 2020 West Tier 1,14,IGL Summer 2020 Championships,112,egeefree,lookup,10680715
?? Second Place Team,9,Indy Gaming League Summer 2020 West Tier 1,14,IGL Summer 2020 Championships,112,littlePenguinDude,lookup,10680715
?? Second Place Team,9,Indy Gaming League Summer 2020 West Tier 1,14,IGL Summer 2020 Championships,112,obo,3031,10680715
?? Second Place Team,9,Indy Gaming League Summer 2020 West Tier 1,14,IGL Summer 2020 Championships,112,RetroHeroSX,lookup,10680715
?? Second Place Team,9,Indy Gaming League Summer 2020 West Tier 1,14,IGL Summer 2020 Championships,112,Teiko,lookup,10680715
?? Third Place Team,10,Indy Gaming League Summer 2020 West Tier 1,14,IGL Summer 2020 Championships,112,darzu,lookup,10680715
?? Third Place Team,10,Indy Gaming League Summer 2020 West Tier 1,14,IGL Summer 2020 Championships,112,Jelloey,lookup,10680715
?? Third Place Team,10,Indy Gaming League Summer 2020 West Tier 1,14,IGL Summer 2020 Championships,112,josheklow,lookup,10680715
?? Third Place Team,10,Indy Gaming League Summer 2020 West Tier 1,14,IGL Summer 2020 Championships,112,mksteele,lookup,10680715
?? Third Place Team,10,Indy Gaming League Summer 2020 West Tier 1,14,IGL Summer 2020 Championships,112,monopoli,lookup,10680715
?? Third Place Team,10,Indy Gaming League Summer 2020 West Tier 1,14,IGL Summer 2020 Championships,112,Walshy,lookup,10680715
?? First Place Team,8,Indy Gaming League Summer 2020 West Tier 2,8,IGL Summer 2020 Championships,112,Aleks,lookup,10680715
?? First Place Team,8,Indy Gaming League Summer 2020 West Tier 2,8,IGL Summer 2020 Championships,112,Cricri,lookup,10680715
?? First Place Team,8,Indy Gaming League Summer 2020 West Tier 2,8,IGL Summer 2020 Championships,112,Sbanc,lookup,10680715
?? First Place Team,8,Indy Gaming League Summer 2020 West Tier 2,8,IGL Summer 2020 Championships,112,Shenanigans,lookup,10680715
?? First Place Team,8,Indy Gaming League Summer 2020 West Tier 2,8,IGL Summer 2020 Championships,112,tavi,lookup,10680715
?? First Place Team,8,Indy Gaming League Summer 2020 West Tier 2,8,IGL Summer 2020 Championships,112,Vi,2965,10680715
?? First Place Team,8,Indy Gaming League Summer 2020 West Tier 2,8,IGL Summer 2020 Championships,112,Xeperu,lookup,10680715
?? Second Place Team,9,Indy Gaming League Summer 2020 West Tier 2,8,IGL Summer 2020 Championships,112,C920e,lookup,10680715
?? Second Place Team,9,Indy Gaming League Summer 2020 West Tier 2,8,IGL Summer 2020 Championships,112,Goodlad,lookup,10680715
?? Second Place Team,9,Indy Gaming League Summer 2020 West Tier 2,8,IGL Summer 2020 Championships,112,Hikachu,lookup,10680715
?? Second Place Team,9,Indy Gaming League Summer 2020 West Tier 2,8,IGL Summer 2020 Championships,112,IcyShark,lookup,10680715
?? Second Place Team,9,Indy Gaming League Summer 2020 West Tier 2,8,IGL Summer 2020 Championships,112,MiTu,lookup,10680715
?? Second Place Team,9,Indy Gaming League Summer 2020 West Tier 2,8,IGL Summer 2020 Championships,112,Phoonus,lookup,10680715
?? Third Place Team,10,Indy Gaming League Summer 2020 West Tier 2,8,IGL Summer 2020 Championships,112,eBears,lookup,10680715
?? Third Place Team,10,Indy Gaming League Summer 2020 West Tier 2,8,IGL Summer 2020 Championships,112,Egghead,lookup,10680715
?? Third Place Team,10,Indy Gaming League Summer 2020 West Tier 2,8,IGL Summer 2020 Championships,112,KT,2963,10680715
?? Third Place Team,10,Indy Gaming League Summer 2020 West Tier 2,8,IGL Summer 2020 Championships,112,lev,lookup,10680715
?? Third Place Team,10,Indy Gaming League Summer 2020 West Tier 2,8,IGL Summer 2020 Championships,112,moke,3343,10680715
?? First Place Team,8,Indy Gaming League Winter 2020 All Tier 1,15,IGL Winter 2020 Week 10,143,basiQ,lookup,10680715
?? First Place Team,8,Indy Gaming League Winter 2020 All Tier 1,15,IGL Winter 2020 Week 10,143,chappy,lookup,10680715
?? First Place Team,8,Indy Gaming League Winter 2020 All Tier 1,15,IGL Winter 2020 Week 10,143,desseler,lookup,10680715
?? First Place Team,8,Indy Gaming League Winter 2020 All Tier 1,15,IGL Winter 2020 Week 10,143,Kobe4n,lookup,10680715
?? First Place Team,8,Indy Gaming League Winter 2020 All Tier 1,15,IGL Winter 2020 Week 10,143,yeesh,lookup,10680715
?? Second Place Team,9,Indy Gaming League Winter 2020 All Tier 1,15,IGL Winter 2020 Week 10,143,AgentSnake,lookup,10680715
?? Second Place Team,9,Indy Gaming League Winter 2020 All Tier 1,15,IGL Winter 2020 Week 10,143,coombzy,lookup,10680715
?? Second Place Team,9,Indy Gaming League Winter 2020 All Tier 1,15,IGL Winter 2020 Week 10,143,GoodGamesJames,lookup,10680715
?? Second Place Team,9,Indy Gaming League Winter 2020 All Tier 1,15,IGL Winter 2020 Week 10,143,Jame,2931,10680715
?? Second Place Team,9,Indy Gaming League Winter 2020 All Tier 1,15,IGL Winter 2020 Week 10,143,Peanutphobia,lookup,10680715
?? Third Place Team,10,Indy Gaming League Winter 2020 All Tier 1,15,IGL Winter 2020 Week 10,143,Keyboardskater,lookup,10680715
?? Third Place Team,10,Indy Gaming League Winter 2020 All Tier 1,15,IGL Winter 2020 Week 10,143,littlePenguinDude,lookup,10680715
?? Third Place Team,10,Indy Gaming League Winter 2020 All Tier 1,15,IGL Winter 2020 Week 10,143,Serialbawx,lookup,10680715
?? Third Place Team,10,Indy Gaming League Winter 2020 All Tier 1,15,IGL Winter 2020 Week 10,143,Sgt Spankcakes,lookup,10680715
?? Third Place Team,10,Indy Gaming League Winter 2020 All Tier 1,15,IGL Winter 2020 Week 10,143,sheapatricio,lookup,10680715
?? Third Place Team,10,Indy Gaming League Winter 2020 All Tier 1,15,IGL Winter 2020 Week 10,143,TheBrickMatt,lookup,10680715
?? First Place Team,8,Indy Gaming League Winter 2020 All Tier 2,16,IGL Winter 2020 Week 10,143,ChuckBerry,lookup,10680715
?? First Place Team,8,Indy Gaming League Winter 2020 All Tier 2,16,IGL Winter 2020 Week 10,143,darkrain,lookup,10680715
?? First Place Team,8,Indy Gaming League Winter 2020 All Tier 2,16,IGL Winter 2020 Week 10,143,EarthBowser,lookup,10680715
?? First Place Team,8,Indy Gaming League Winter 2020 All Tier 2,16,IGL Winter 2020 Week 10,143,king dookie supreme,lookup,10680715
?? First Place Team,8,Indy Gaming League Winter 2020 All Tier 2,16,IGL Winter 2020 Week 10,143,NoBey,lookup,10680715
?? First Place Team,8,Indy Gaming League Winter 2020 All Tier 2,16,IGL Winter 2020 Week 10,143,supra05,lookup,10680715
?? First Place Team,8,Indy Gaming League Winter 2020 All Tier 2,16,IGL Winter 2020 Week 10,143,w3az3,lookup,10680715
?? Second Place Team,9,Indy Gaming League Winter 2020 All Tier 2,16,IGL Winter 2020 Week 10,143,Arguas,lookup,10680715
?? Second Place Team,9,Indy Gaming League Winter 2020 All Tier 2,16,IGL Winter 2020 Week 10,143,bartaan,lookup,10680715
?? Second Place Team,9,Indy Gaming League Winter 2020 All Tier 2,16,IGL Winter 2020 Week 10,143,LudicSavant,lookup,10680715
?? Second Place Team,9,Indy Gaming League Winter 2020 All Tier 2,16,IGL Winter 2020 Week 10,143,MoranHalo1,lookup,10680715
?? Second Place Team,9,Indy Gaming League Winter 2020 All Tier 2,16,IGL Winter 2020 Week 10,143,QP Mini Boss Jats,lookup,10680715
?? Second Place Team,9,Indy Gaming League Winter 2020 All Tier 2,16,IGL Winter 2020 Week 10,143,ssbm_snek,lookup,10680715
?? Second Place Team,9,Indy Gaming League Winter 2020 All Tier 2,16,IGL Winter 2020 Week 10,143,tm0z,lookup,10680715
?? First Place Team,8,Indy Gaming League Winter 2020 All Tier 3,17,IGL Winter 2020 Week 10,143,317Slayer,lookup,10680715
?? First Place Team,8,Indy Gaming League Winter 2020 All Tier 3,17,IGL Winter 2020 Week 10,143,Demintele,lookup,10680715
?? First Place Team,8,Indy Gaming League Winter 2020 All Tier 3,17,IGL Winter 2020 Week 10,143,Jekka,lookup,10680715
?? First Place Team,8,Indy Gaming League Winter 2020 All Tier 3,17,IGL Winter 2020 Week 10,143,Melt This Curse Away,lookup,10680715
?? First Place Team,8,Indy Gaming League Winter 2020 All Tier 3,17,IGL Winter 2020 Week 10,143,Morgan,lookup,10680715
?? First Place Team,8,Indy Gaming League Winter 2020 All Tier 3,17,IGL Winter 2020 Week 10,143,Tinsel,lookup,10680715
?? First Place Team,8,Indy Gaming League Winter 2020 All Tier 3,17,IGL Winter 2020 Week 10,143,Tnow,lookup,10680715
?? Second Place Team,9,Indy Gaming League Winter 2020 All Tier 3,17,IGL Winter 2020 Week 10,143,clam,lookup,10680715
?? Second Place Team,9,Indy Gaming League Winter 2020 All Tier 3,17,IGL Winter 2020 Week 10,143,Dooober,lookup,10680715
?? Second Place Team,9,Indy Gaming League Winter 2020 All Tier 3,17,IGL Winter 2020 Week 10,143,iTwAsLucK,lookup,10680715
?? Second Place Team,9,Indy Gaming League Winter 2020 All Tier 3,17,IGL Winter 2020 Week 10,143,LordFischious,lookup,10680715
?? Second Place Team,9,Indy Gaming League Winter 2020 All Tier 3,17,IGL Winter 2020 Week 10,143,WaoW,lookup,10680715
?? Third Place Team,10,Indy Gaming League Winter 2020 All Tier 3,17,IGL Winter 2020 Week 10,143,Jelloey,lookup,10680715
?? Third Place Team,10,Indy Gaming League Winter 2020 All Tier 3,17,IGL Winter 2020 Week 10,143,josheklow,lookup,10680715
?? Third Place Team,10,Indy Gaming League Winter 2020 All Tier 3,17,IGL Winter 2020 Week 10,143,mksteele,lookup,10680715
?? Third Place Team,10,Indy Gaming League Winter 2020 All Tier 3,17,IGL Winter 2020 Week 10,143,Walshy,lookup,10680715
?? First Place Team,8,Indy Gaming League Winter 2021 East Tier 1,25,IGL Winter 2021 Championships-W1,168,AgentSnake,lookup,10680715
?? First Place Team,8,Indy Gaming League Winter 2021 East Tier 1,25,IGL Winter 2021 Championships-W1,168,GoodGamesJames,lookup,10680715
?? First Place Team,8,Indy Gaming League Winter 2021 East Tier 1,25,IGL Winter 2021 Championships-W1,168,Goose,lookup,10680715
?? First Place Team,8,Indy Gaming League Winter 2021 East Tier 1,25,IGL Winter 2021 Championships-W1,168,Jame,2931,10680715
?? First Place Team,8,Indy Gaming League Winter 2021 East Tier 1,25,IGL Winter 2021 Championships-W1,168,lightsabermetrics,lookup,10680715
?? First Place Team,8,Indy Gaming League Winter 2021 East Tier 1,25,IGL Winter 2021 Championships-W1,168,Peanutphobia,lookup,10680715
?? Second Place Team,9,Indy Gaming League Winter 2021 East Tier 1,25,IGL Winter 2021 Championships-W1,168,itsotter,lookup,10680715
?? Second Place Team,9,Indy Gaming League Winter 2021 East Tier 1,25,IGL Winter 2021 Championships-W1,168,KG28,lookup,10680715
?? Second Place Team,9,Indy Gaming League Winter 2021 East Tier 1,25,IGL Winter 2021 Championships-W1,168,PM Me for Shark Facts,lookup,10680715
?? Second Place Team,9,Indy Gaming League Winter 2021 East Tier 1,25,IGL Winter 2021 Championships-W1,168,T2P,lookup,10680715
?? Second Place Team,9,Indy Gaming League Winter 2021 East Tier 1,25,IGL Winter 2021 Championships-W1,168,XSV21,lookup,10680715
?? Third Place Team,10,Indy Gaming League Winter 2021 East Tier 1,25,IGL Winter 2021 Championships-W1,168,[BB] Dakota,lookup,10680715
?? Third Place Team,10,Indy Gaming League Winter 2021 East Tier 1,25,IGL Winter 2021 Championships-W1,168,daddy,lookup,10680715
?? Third Place Team,10,Indy Gaming League Winter 2021 East Tier 1,25,IGL Winter 2021 Championships-W1,168,EarthBowser,lookup,10680715
?? Third Place Team,10,Indy Gaming League Winter 2021 East Tier 1,25,IGL Winter 2021 Championships-W1,168,Keyboardskater,lookup,10680715
?? Third Place Team,10,Indy Gaming League Winter 2021 East Tier 1,25,IGL Winter 2021 Championships-W1,168,littlePenguinDude,lookup,10680715
?? Third Place Team,10,Indy Gaming League Winter 2021 East Tier 1,25,IGL Winter 2021 Championships-W1,168,TheBrickMatt,lookup,10680715
?? First Place Team,8,Indy Gaming League Winter 2021 East Tier 2,26,IGL Winter 2021 Championships-W1,168,*AG*,lookup,10680715
?? First Place Team,8,Indy Gaming League Winter 2021 East Tier 2,26,IGL Winter 2021 Championships-W1,168,Buffaloboy,lookup,10680715
?? First Place Team,8,Indy Gaming League Winter 2021 East Tier 2,26,IGL Winter 2021 Championships-W1,168,carby,lookup,10680715
?? First Place Team,8,Indy Gaming League Winter 2021 East Tier 2,26,IGL Winter 2021 Championships-W1,168,Cheesecakr,lookup,10680715
?? First Place Team,8,Indy Gaming League Winter 2021 East Tier 2,26,IGL Winter 2021 Championships-W1,168,lev,lookup,10680715
?? Second Place Team,9,Indy Gaming League Winter 2021 East Tier 2,26,IGL Winter 2021 Championships-W1,168,BrookeBee,lookup,10680715
?? Second Place Team,9,Indy Gaming League Winter 2021 East Tier 2,26,IGL Winter 2021 Championships-W1,168,CatSavetheQueen,lookup,10680715
?? Second Place Team,9,Indy Gaming League Winter 2021 East Tier 2,26,IGL Winter 2021 Championships-W1,168,musashi,lookup,10680715
?? Second Place Team,9,Indy Gaming League Winter 2021 East Tier 2,26,IGL Winter 2021 Championships-W1,168,Syndro,lookup,10680715
?? Second Place Team,9,Indy Gaming League Winter 2021 East Tier 2,26,IGL Winter 2021 Championships-W1,168,thedevster,lookup,10680715
?? Second Place Team,9,Indy Gaming League Winter 2021 East Tier 2,26,IGL Winter 2021 Championships-W1,168,WorldBFree,lookup,10680715
?? Third Place Team,10,Indy Gaming League Winter 2021 East Tier 2,26,IGL Winter 2021 Championships-W1,168,_marigolds_,lookup,10680715
?? Third Place Team,10,Indy Gaming League Winter 2021 East Tier 2,26,IGL Winter 2021 Championships-W1,168,Grass,lookup,10680715
?? Third Place Team,10,Indy Gaming League Winter 2021 East Tier 2,26,IGL Winter 2021 Championships-W1,168,kangarus,lookup,10680715
?? Third Place Team,10,Indy Gaming League Winter 2021 East Tier 2,26,IGL Winter 2021 Championships-W1,168,Key Lime,lookup,10680715
?? Third Place Team,10,Indy Gaming League Winter 2021 East Tier 2,26,IGL Winter 2021 Championships-W1,168,ronster,lookup,10680715
?? Third Place Team,10,Indy Gaming League Winter 2021 East Tier 2,26,IGL Winter 2021 Championships-W1,168,tsaralek,lookup,10680715
?? First Place Team,8,Indy Gaming League Winter 2021 East Tier 3,27,IGL Winter 2021 Championships-W1,168,BagOtriX,lookup,10680715
?? First Place Team,8,Indy Gaming League Winter 2021 East Tier 3,27,IGL Winter 2021 Championships-W1,168,BendderRodriguez,lookup,10680715
?? First Place Team,8,Indy Gaming League Winter 2021 East Tier 3,27,IGL Winter 2021 Championships-W1,168,Bron,3154,10680715
?? First Place Team,8,Indy Gaming League Winter 2021 East Tier 3,27,IGL Winter 2021 Championships-W1,168,Mage,lookup,10680715
?? First Place Team,8,Indy Gaming League Winter 2021 East Tier 3,27,IGL Winter 2021 Championships-W1,168,MatttheRogue,lookup,10680715
?? First Place Team,8,Indy Gaming League Winter 2021 East Tier 3,27,IGL Winter 2021 Championships-W1,168,tjbuddy100,lookup,10680715
?? Second Place Team,9,Indy Gaming League Winter 2021 East Tier 3,27,IGL Winter 2021 Championships-W1,168,HairyBerry,lookup,10680715
?? Second Place Team,9,Indy Gaming League Winter 2021 East Tier 3,27,IGL Winter 2021 Championships-W1,168,MoranHalo1,lookup,10680715
?? Second Place Team,9,Indy Gaming League Winter 2021 East Tier 3,27,IGL Winter 2021 Championships-W1,168,Sisyphutz,lookup,10680715
?? Second Place Team,9,Indy Gaming League Winter 2021 East Tier 3,27,IGL Winter 2021 Championships-W1,168,Sopranist,lookup,10680715
?? Second Place Team,9,Indy Gaming League Winter 2021 East Tier 3,27,IGL Winter 2021 Championships-W1,168,Tib_boT,lookup,10680715
?? Third Place Team,10,Indy Gaming League Winter 2021 East Tier 3,27,IGL Winter 2021 Championships-W1,168,dribby,lookup,10680715
?? Third Place Team,10,Indy Gaming League Winter 2021 East Tier 3,27,IGL Winter 2021 Championships-W1,168,graphicallylisa,lookup,10680715
?? Third Place Team,10,Indy Gaming League Winter 2021 East Tier 3,27,IGL Winter 2021 Championships-W1,168,RyanVile,lookup,10680715
?? Third Place Team,10,Indy Gaming League Winter 2021 East Tier 3,27,IGL Winter 2021 Championships-W1,168,whyphilosophy,lookup,10680715
?? First Place Team,8,Indy Gaming League Winter 2021 West Tier 1,23,IGL Winter 2021 Championships-W1,168,Big Chungus,lookup,10680715
?? First Place Team,8,Indy Gaming League Winter 2021 West Tier 1,23,IGL Winter 2021 Championships-W1,168,Dr. Danny,lookup,10680715
?? First Place Team,8,Indy Gaming League Winter 2021 West Tier 1,23,IGL Winter 2021 Championships-W1,168,eBears,lookup,10680715
?? First Place Team,8,Indy Gaming League Winter 2021 West Tier 1,23,IGL Winter 2021 Championships-W1,168,Egghead,lookup,10680715
?? First Place Team,8,Indy Gaming League Winter 2021 West Tier 1,23,IGL Winter 2021 Championships-W1,168,Gnar09,lookup,10680715
?? First Place Team,8,Indy Gaming League Winter 2021 West Tier 1,23,IGL Winter 2021 Championships-W1,168,Goose,lookup,10680715
?? First Place Team,8,Indy Gaming League Winter 2021 West Tier 1,23,IGL Winter 2021 Championships-W1,168,Jonny Cream,lookup,10680715
?? First Place Team,8,Indy Gaming League Winter 2021 West Tier 1,23,IGL Winter 2021 Championships-W1,168,lev,lookup,10680715
?? First Place Team,8,Indy Gaming League Winter 2021 West Tier 1,23,IGL Winter 2021 Championships-W1,168,lunchmeat13,lookup,10680715
?? First Place Team,8,Indy Gaming League Winter 2021 West Tier 1,23,IGL Winter 2021 Championships-W1,168,moke,3343,10680715
?? First Place Team,8,Indy Gaming League Winter 2021 West Tier 1,23,IGL Winter 2021 Championships-W1,168,teatoddler,3026,10680715
?? Second Place Team,9,Indy Gaming League Winter 2021 West Tier 1,23,IGL Winter 2021 Championships-W1,168,abomb,lookup,10680715
?? Second Place Team,9,Indy Gaming League Winter 2021 West Tier 1,23,IGL Winter 2021 Championships-W1,168,Alteffor,lookup,10680715
?? Second Place Team,9,Indy Gaming League Winter 2021 West Tier 1,23,IGL Winter 2021 Championships-W1,168,egeefree,lookup,10680715
?? Second Place Team,9,Indy Gaming League Winter 2021 West Tier 1,23,IGL Winter 2021 Championships-W1,168,Guvnah,lookup,10680715
?? Second Place Team,9,Indy Gaming League Winter 2021 West Tier 1,23,IGL Winter 2021 Championships-W1,168,Kayb33,lookup,10680715
?? Second Place Team,9,Indy Gaming League Winter 2021 West Tier 1,23,IGL Winter 2021 Championships-W1,168,littlePenguinDude,lookup,10680715
?? Second Place Team,9,Indy Gaming League Winter 2021 West Tier 1,23,IGL Winter 2021 Championships-W1,168,obo,3031,10680715
?? Second Place Team,9,Indy Gaming League Winter 2021 West Tier 1,23,IGL Winter 2021 Championships-W1,168,Peanutphobia,lookup,10680715
?? Second Place Team,9,Indy Gaming League Winter 2021 West Tier 1,23,IGL Winter 2021 Championships-W1,168,RetroHeroSX,lookup,10680715
?? Second Place Team,9,Indy Gaming League Winter 2021 West Tier 1,23,IGL Winter 2021 Championships-W1,168,sklover,lookup,10680715
?? Second Place Team,9,Indy Gaming League Winter 2021 West Tier 1,23,IGL Winter 2021 Championships-W1,168,Teiko,lookup,10680715
?? Second Place Team,9,Indy Gaming League Winter 2021 West Tier 1,23,IGL Winter 2021 Championships-W1,168,woody-kq,lookup,10680715
?? Third Place Team,10,Indy Gaming League Winter 2021 West Tier 1,23,IGL Winter 2021 Championships-W1,168,[Ha-Ha] JAB,lookup,10680715
?? Third Place Team,10,Indy Gaming League Winter 2021 West Tier 1,23,IGL Winter 2021 Championships-W1,168,Corvus,lookup,10680715
?? Third Place Team,10,Indy Gaming League Winter 2021 West Tier 1,23,IGL Winter 2021 Championships-W1,168,EWOK,lookup,10680715
?? Third Place Team,10,Indy Gaming League Winter 2021 West Tier 1,23,IGL Winter 2021 Championships-W1,168,Hank87,lookup,10680715
?? Third Place Team,10,Indy Gaming League Winter 2021 West Tier 1,23,IGL Winter 2021 Championships-W1,168,Jelloey,lookup,10680715
?? Third Place Team,10,Indy Gaming League Winter 2021 West Tier 1,23,IGL Winter 2021 Championships-W1,168,josheklow,lookup,10680715
?? Third Place Team,10,Indy Gaming League Winter 2021 West Tier 1,23,IGL Winter 2021 Championships-W1,168,mksteele,lookup,10680715
?? Third Place Team,10,Indy Gaming League Winter 2021 West Tier 1,23,IGL Winter 2021 Championships-W1,168,thedevster,lookup,10680715
?? Third Place Team,10,Indy Gaming League Winter 2021 West Tier 1,23,IGL Winter 2021 Championships-W1,168,Walshy,lookup,10680715
?? Third Place Team,10,Indy Gaming League Winter 2021 West Tier 1,23,IGL Winter 2021 Championships-W1,168,WorldBFree,lookup,10680715
?? First Place Team,8,Indy Gaming League Winter 2021 West Tier 2,24,IGL Winter 2021 Championships-W1,168,7473r7075!,lookup,10680715
?? First Place Team,8,Indy Gaming League Winter 2021 West Tier 2,24,IGL Winter 2021 Championships-W1,168,carby,lookup,10680715
?? First Place Team,8,Indy Gaming League Winter 2021 West Tier 2,24,IGL Winter 2021 Championships-W1,168,Cricri,lookup,10680715
?? First Place Team,8,Indy Gaming League Winter 2021 West Tier 2,24,IGL Winter 2021 Championships-W1,168,Damenace,lookup,10680715
?? First Place Team,8,Indy Gaming League Winter 2021 West Tier 2,24,IGL Winter 2021 Championships-W1,168,dee2,lookup,10680715
?? First Place Team,8,Indy Gaming League Winter 2021 West Tier 2,24,IGL Winter 2021 Championships-W1,168,HauntedNorth,lookup,10680715
?? First Place Team,8,Indy Gaming League Winter 2021 West Tier 2,24,IGL Winter 2021 Championships-W1,168,PAT,3397,10680715
?? First Place Team,8,Indy Gaming League Winter 2021 West Tier 2,24,IGL Winter 2021 Championships-W1,168,PAT1,3555,10680715
?? First Place Team,8,Indy Gaming League Winter 2021 West Tier 2,24,IGL Winter 2021 Championships-W1,168,Syndro,lookup,10680715
?? First Place Team,8,Indy Gaming League Winter 2021 West Tier 2,24,IGL Winter 2021 Championships-W1,168,Terkoiz69,lookup,10680715
?? Second Place Team,9,Indy Gaming League Winter 2021 West Tier 2,24,IGL Winter 2021 Championships-W1,168,All Speeds,lookup,10680715
?? Second Place Team,9,Indy Gaming League Winter 2021 West Tier 2,24,IGL Winter 2021 Championships-W1,168,altppt,2919,10680715
?? Second Place Team,9,Indy Gaming League Winter 2021 West Tier 2,24,IGL Winter 2021 Championships-W1,168,Arguas,lookup,10680715
?? Second Place Team,9,Indy Gaming League Winter 2021 West Tier 2,24,IGL Winter 2021 Championships-W1,168,Babylon,lookup,10680715
?? Second Place Team,9,Indy Gaming League Winter 2021 West Tier 2,24,IGL Winter 2021 Championships-W1,168,Buffaloboy,lookup,10680715
?? Second Place Team,9,Indy Gaming League Winter 2021 West Tier 2,24,IGL Winter 2021 Championships-W1,168,dinofairy,lookup,10680715
?? Second Place Team,9,Indy Gaming League Winter 2021 West Tier 2,24,IGL Winter 2021 Championships-W1,168,dojo,3410,10680715
?? Second Place Team,9,Indy Gaming League Winter 2021 West Tier 2,24,IGL Winter 2021 Championships-W1,168,dojoturbo,lookup,10680715
?? Second Place Team,9,Indy Gaming League Winter 2021 West Tier 2,24,IGL Winter 2021 Championships-W1,168,Ferral,lookup,10680715
?? Second Place Team,9,Indy Gaming League Winter 2021 West Tier 2,24,IGL Winter 2021 Championships-W1,168,I RUN SNAIL,lookup,10680715
?? Second Place Team,9,Indy Gaming League Winter 2021 West Tier 2,24,IGL Winter 2021 Championships-W1,168,MisterGort,lookup,10680715
?? Second Place Team,9,Indy Gaming League Winter 2021 West Tier 2,24,IGL Winter 2021 Championships-W1,168,nashinall,lookup,10680715
?? Second Place Team,9,Indy Gaming League Winter 2021 West Tier 2,24,IGL Winter 2021 Championships-W1,168,RedMagnus,lookup,10680715
?? Second Place Team,9,Indy Gaming League Winter 2021 West Tier 2,24,IGL Winter 2021 Championships-W1,168,SmoothbrainSev,lookup,10680715
?? Second Place Team,9,Indy Gaming League Winter 2021 West Tier 2,24,IGL Winter 2021 Championships-W1,168,snail earnhardt jr,lookup,10680715
?? Third Place Team,10,Indy Gaming League Winter 2021 West Tier 2,24,IGL Winter 2021 Championships-W1,168,arrrmand,lookup,10680715
?? Third Place Team,10,Indy Gaming League Winter 2021 West Tier 2,24,IGL Winter 2021 Championships-W1,168,mr.bees,lookup,10680715
?? Third Place Team,10,Indy Gaming League Winter 2021 West Tier 2,24,IGL Winter 2021 Championships-W1,168,neokinso,lookup,10680715
?? Third Place Team,10,Indy Gaming League Winter 2021 West Tier 2,24,IGL Winter 2021 Championships-W1,168,retro-shark,lookup,10680715
?? Third Place Team,10,Indy Gaming League Winter 2021 West Tier 2,24,IGL Winter 2021 Championships-W1,168,ronster,lookup,10680715
?? Third Place Team,10,Indy Gaming League Winter 2021 West Tier 2,24,IGL Winter 2021 Championships-W1,168,sloppy,lookup,10680715
?? Third Place Team,10,Indy Gaming League Winter 2021 West Tier 2,24,IGL Winter 2021 Championships-W1,168,smelly,lookup,10680715
?? Third Place Team,10,Indy Gaming League Winter 2021 West Tier 2,24,IGL Winter 2021 Championships-W1,168,tjbuddy100,lookup,10680715
?? Third Place Team,10,Indy Gaming League Winter 2021 West Tier 2,24,IGL Winter 2021 Championships-W1,168,tsaralek,lookup,10680715
?? Third Place Team,10,Indy Gaming League Winter 2021 West Tier 2,24,IGL Winter 2021 Championships-W1,168,unholyknight,lookup,10680715
